name,salary,department
Pauletta Drury,51109,MARKETING
Joshuah Hansell,81659,BUSINESS DEVELOPMENT
Cornie Mattessen,34058,PRODUCT MANAGEMENT
Rene Ox,40356,SERVICES
Base Mocquer,25634,TRAINING
Sheff Gibbetts,55784,RESEARCH AND DEVELOPMENT
Scotty Sommerton,20535,SALES
Lucias Bromidge,28856,BUSINESS DEVELOPMENT
Crawford Tapson,21139,SALES
Nadine Crack,25694,SALES
Elle Jeandon,45610,RESEARCH AND DEVELOPMENT
Erena Tinston,60282,ACCOUNTING
Ewan Dunnan,58980,SERVICES
Rodina Byrom,80914,ACCOUNTING
Romola Ikringill,70455,RESEARCH AND DEVELOPMENT
Caddric Stobie,80998,ACCOUNTING
Marietta Able,72292,LEGAL
Oralee MacChaell,69281,ACCOUNTING
Shelton Drinkhall,58240,ACCOUNTING
Irv Oag,51129,RESEARCH AND DEVELOPMENT
Ronny McCrie,58116,PRODUCT MANAGEMENT
Estella Tinston,80823,SERVICES
Clea Hughs,64332,SERVICES
Stephenie McKeevers,65852,LEGAL
Veronike Toderbrugge,23625,ENGINEERING
Dougy Brothwell,88643,HUMAN RESOURCES
Aaron Berndtsson,34102,HUMAN RESOURCES
Elissa Larive,87783,LEGAL
Corine Tout,77384,PRODUCT MANAGEMENT
Larisa Deverall,86818,SALES
Martie Farbrace,29713,ENGINEERING
Shaun Cristofano,54528,SERVICES
Colline Clorley,32575,PRODUCT MANAGEMENT
Anna-maria Abells,72725,SALES
Torey Gussin,82496,BUSINESS DEVELOPMENT
Hollis Hotson,68791,BUSINESS DEVELOPMENT
Chrissie Hamber,72712,ACCOUNTING
Denice Keller,73624,SALES
Bobine Cammocke,57327,TRAINING
Kipp Elce,55355,SALES
Alida Brodie,35637,SALES
Scott McIlharga,59359,RESEARCH AND DEVELOPMENT
Filia Gerault,58286,PRODUCT MANAGEMENT
Rudolf Dannel,29932,LEGAL
Davidson Paslow,46401,ENGINEERING
Belicia Edmonston,65742,SERVICES
Steffane Itzhaiek,30363,LEGAL
Quintana Slateford,77687,ENGINEERING
Rad Pavlasek,71943,ENGINEERING
Vern Thebe,81525,PRODUCT MANAGEMENT
Prescott Haquin,25399,SERVICES
Davis Hakonsson,53913,BUSINESS DEVELOPMENT
Ludovico Fennell,88956,LEGAL
Kissie Benois,67250,SERVICES
Peta Herculson,39758,BUSINESS DEVELOPMENT
Adelina Gimson,38108,LEGAL
Jonathan Scorey,83290,RESEARCH AND DEVELOPMENT
Bella Edgecumbe,47717,ACCOUNTING
Viole Speedy,64974,LEGAL
Ronald Avrahamy,40183,SALES
Sada Doddemeade,57305,TRAINING
Dorie Garnham,74346,HUMAN RESOURCES
Ileana Miller,68932,ENGINEERING
Bertrand Hutchence,62064,LEGAL
Staci Crosio,45544,ENGINEERING
Flor McWhirter,22971,ACCOUNTING
Melissa McCafferty,44909,TRAINING
Eda Gentile,53924,MARKETING
Baldwin Henstone,20305,LEGAL
Kayle Emmanueli,89959,LEGAL
Bette-ann Asals,86557,SUPPORT
Earl Hamerton,52155,LEGAL
Rebe Matterson,35012,ACCOUNTING
Erinna Hackleton,55461,ACCOUNTING
Kurt Elden,84875,TRAINING
Joy Prater,21285,PRODUCT MANAGEMENT
Joshua Shinefield,70027,LEGAL
Zea Scollard,62977,SALES
Gilberto Strathman,44597,RESEARCH AND DEVELOPMENT
Orlando O'Heneghan,64556,BUSINESS DEVELOPMENT
Queenie Aggs,57501,TRAINING
Sibby Tomashov,29628,SALES
Charley Clemo,62555,TRAINING
Sophronia Kaesmans,71357,PRODUCT MANAGEMENT
Shayla Kerrich,22851,ENGINEERING
Clywd Pesselt,43361,PRODUCT MANAGEMENT
Shandy Garstan,82817,ACCOUNTING
Noland Lawey,35550,ENGINEERING
Hort Barca,67704,TRAINING
Enrique Skelly,77063,HUMAN RESOURCES
Brena Brydon,23710,LEGAL
Dom Quinn,58375,LEGAL
Shaylyn Dana,56215,MARKETING
Darci Colnet,34528,HUMAN RESOURCES
Weidar Harmes,66657,SALES
Gloria Grinikhin,59069,MARKETING
Dorie Fairleigh,22212,BUSINESS DEVELOPMENT
Marja Starling,68345,SUPPORT
Thane Gettings,30770,SALES
Blinni Jerman,34176,SUPPORT
Opaline Sorbie,71807,RESEARCH AND DEVELOPMENT
Hallsy Perl,72639,RESEARCH AND DEVELOPMENT
Nolana Aldus,67860,LEGAL
Roshelle Chapellow,37154,ENGINEERING
Berna Lee,84042,RESEARCH AND DEVELOPMENT
Ruprecht Melville,85058,MARKETING
Correna Borrows,33602,PRODUCT MANAGEMENT
Izzy Shewon,62687,ACCOUNTING
Lexy Hazelgrove,36301,SUPPORT
Cassondra Robic,63607,SERVICES
Cassandre Offell,68246,BUSINESS DEVELOPMENT
Bernardo Broughton,79750,HUMAN RESOURCES
Edlin Jaszczak,32165,SUPPORT
Camel Cartmael,45663,ACCOUNTING
Jared Muzzullo,64442,ENGINEERING
Friedrich Clouter,39846,MARKETING
Amalie Bernardy,72886,ENGINEERING
Gerald Scholte,37627,ACCOUNTING
Sayer Daens,61001,SUPPORT
Jillane Covert,41732,PRODUCT MANAGEMENT
Celestyn Pellamont,89019,HUMAN RESOURCES
Charissa Weine,79377,TRAINING
Eba Bitten,79315,BUSINESS DEVELOPMENT
Vlad Bardwell,50341,LEGAL
Lisetta McDarmid,89589,SALES
Halsey Eathorne,67824,ENGINEERING
Catha Rossoni,39779,BUSINESS DEVELOPMENT
Berrie Devonside,57442,SUPPORT
Misty Leinster,87914,RESEARCH AND DEVELOPMENT
Wyn Pavey,80265,MARKETING
Wendall Crumpton,35389,PRODUCT MANAGEMENT
Nadeen Poundford,31583,MARKETING
Denis Somner,58834,TRAINING
Lilias Eidelman,78542,SALES
Fidel Stotherfield,69936,LEGAL
Franky Rizzardo,77612,RESEARCH AND DEVELOPMENT
Bayard Uvedale,72948,LEGAL
Hobie Meineck,75442,SUPPORT
Tucker Tryhorn,38946,RESEARCH AND DEVELOPMENT
Sheri Starcks,68513,SERVICES
Adoree McDonough,62810,ACCOUNTING
Roarke Mahaffey,69603,HUMAN RESOURCES
Cinda Snaddon,73737,SALES
Niccolo Phippin,21298,SALES
Letta Giblett,68902,RESEARCH AND DEVELOPMENT
Aguste Coomes,46513,PRODUCT MANAGEMENT
Nataniel Longhi,45714,BUSINESS DEVELOPMENT
Jacklin Easum,28856,SUPPORT
Fredericka Imlen,84208,HUMAN RESOURCES
Budd Madigan,60840,SALES
Ardeen Oag,87599,PRODUCT MANAGEMENT
Emeline Tunsley,69274,SALES
Valerye Langthorn,45330,ACCOUNTING
Ogdan Wadman,58370,SUPPORT
Ike Keiley,62599,MARKETING
Esma Cuxson,45471,ENGINEERING
Carolina Thyer,74995,RESEARCH AND DEVELOPMENT
Paule Machan,24787,ACCOUNTING
Pattin Bortoluzzi,89190,ENGINEERING
Jesse Houchin,60001,SUPPORT
Ashlee Mattiacci,56349,RESEARCH AND DEVELOPMENT
Maribelle Smithyman,84918,BUSINESS DEVELOPMENT
Mike Collinwood,28386,SERVICES
Kamillah Reidie,33603,ACCOUNTING
Alyse Minor,57954,ACCOUNTING
Patsy Halligan,83631,LEGAL
Wilhelmina Clausen,42251,ENGINEERING
Clifford Dawidowitz,56316,TRAINING
Maurizio MacPhail,75495,BUSINESS DEVELOPMENT
Jason McAlroy,65584,HUMAN RESOURCES
Lurlene Huckster,48691,ENGINEERING
Gunar Maas,57163,PRODUCT MANAGEMENT
Jackie Milazzo,77037,PRODUCT MANAGEMENT
Tate Wren,76269,LEGAL
Silvester Lanphier,65843,PRODUCT MANAGEMENT
Bengt Stiffell,53027,ACCOUNTING
Niven Wedon,39034,TRAINING
Coreen Goldsack,20883,TRAINING
Emmit Tort,52856,BUSINESS DEVELOPMENT
Barron Pinn,79238,LEGAL
Julio Talks,58479,PRODUCT MANAGEMENT
Herbie Kiffin,48475,MARKETING
Jacquette Bubb,77835,TRAINING
Elsa Argabrite,30292,SALES
Parke Trinke,82994,RESEARCH AND DEVELOPMENT
Casey Shambrook,38420,MARKETING
Irvine Nunnery,29921,PRODUCT MANAGEMENT
Antony Zellick,37788,TRAINING
Clerkclaude Clayworth,72526,HUMAN RESOURCES
Red Newbury,89344,ENGINEERING
Peterus Ovitz,20227,HUMAN RESOURCES
Cissy Ryman,25153,SERVICES
Pattin Crosetto,87551,ACCOUNTING
Irena Brotheridge,45353,ENGINEERING
Yule Falco,28621,LEGAL
Misty Moogan,77521,PRODUCT MANAGEMENT
Isac Lacotte,42143,PRODUCT MANAGEMENT
Alexandre Espinel,38365,SUPPORT
Sibyl Lanney,36979,TRAINING
Dynah Barton,57064,BUSINESS DEVELOPMENT
Leticia Burnie,85719,RESEARCH AND DEVELOPMENT
Hermina Hassur,48427,BUSINESS DEVELOPMENT
Carl Matyas,23855,BUSINESS DEVELOPMENT
Berenice Worssam,69524,MARKETING
Franz Squeers,45983,ENGINEERING
Arabela Axtonne,64020,ENGINEERING
Melisent Searjeant,37705,SERVICES
Berget Brent,41445,SALES
Brianna Markl,46868,BUSINESS DEVELOPMENT
Diahann Tetley,42925,SERVICES
Sansone Broxup,83655,TRAINING
Darcee Folshom,48808,MARKETING
Florida Cobbing,47798,ACCOUNTING
Marlowe Ingley,79974,ENGINEERING
Anatola Boate,41531,RESEARCH AND DEVELOPMENT
Lara Matussov,50495,ACCOUNTING
Saunderson Gore,60875,ENGINEERING
Lari Fitt,75550,ACCOUNTING
Darsey MacKartan,46562,PRODUCT MANAGEMENT
Jo-ann Postlethwaite,74081,SUPPORT
Gilberto Mattiassi,79830,MARKETING
Tatiania de Glanville,69265,SALES
Otis Thurber,49443,ACCOUNTING
Obed Haydock,51852,SALES
Alyse Mockett,75593,PRODUCT MANAGEMENT
Wynn Shatford,44856,HUMAN RESOURCES
Isahella Atmore,65275,SERVICES
Chev Helkin,49243,HUMAN RESOURCES
Liana Lafaye,78036,RESEARCH AND DEVELOPMENT
Carie Rigney,25286,RESEARCH AND DEVELOPMENT
Chevalier De Meyer,85188,SALES
Worden Joyce,80949,SUPPORT
Addie Peltz,51949,RESEARCH AND DEVELOPMENT
Orson Durgan,34698,SUPPORT
Olly Reckhouse,74873,SALES
Shurwood Dargan,44444,SUPPORT
Judi Morrieson,35172,TRAINING
Base Girardez,72383,SERVICES
Morgan Fishpond,62787,ACCOUNTING
Sibilla Tanser,67534,SERVICES
Joshua Tink,20597,BUSINESS DEVELOPMENT
Egbert Piecha,31999,SALES
Devonna Coo,76927,LEGAL
Yank Maffini,23563,MARKETING
Gwenny Apfelmann,63199,SALES
Teddie Kemery,36835,SUPPORT
Ivie Tunnacliffe,59783,MARKETING
Harwilll Kidstoun,73601,HUMAN RESOURCES
Clemente Horrell,71046,RESEARCH AND DEVELOPMENT
Mavra Loreit,62022,LEGAL
Wallie Spohr,34816,SALES
Lorne Constanza,46795,TRAINING
Carissa Iles,70194,SERVICES
Loralyn Crighten,58916,ACCOUNTING
Tate Powe,73329,SUPPORT
Estelle Maystone,85481,SERVICES
Wren McBay,89973,ENGINEERING
Gay Ivoshin,25065,MARKETING
Malory Scarse,37643,RESEARCH AND DEVELOPMENT
Felita Pucker,34252,SERVICES
Rickard Bottrell,75376,ENGINEERING
Augusto Lydon,30838,PRODUCT MANAGEMENT
Estel Maryott,84991,MARKETING
Britt Scutts,37919,MARKETING
Tildie Passler,34154,SALES
Niven Paddeley,52853,TRAINING
Novelia Coope,57012,SERVICES
Coletta Holbury,82635,RESEARCH AND DEVELOPMENT
Locke Boner,76055,SERVICES
Fabe Seyler,33350,LEGAL
Sallyanne Rickert,77752,TRAINING
Vite Corness,48271,SUPPORT
Hermina Cassel,30262,ENGINEERING
Bonita Philps,38030,ENGINEERING
Herminia Postlethwaite,27477,SERVICES
Eden Lismore,81756,HUMAN RESOURCES
Briney Halstead,23228,TRAINING
Salvatore Leber,34103,BUSINESS DEVELOPMENT
Saree Fydo,48679,PRODUCT MANAGEMENT
Libbi Toop,87471,RESEARCH AND DEVELOPMENT
Lauren Russe,35054,LEGAL
Eugenius Jenik,45024,SUPPORT
Eolanda Raggles,63337,MARKETING
Deerdre MacCafferty,39278,TRAINING
Jephthah Odams,24826,PRODUCT MANAGEMENT
Augustin Fathers,32335,ENGINEERING
Kelly Lamar,26694,PRODUCT MANAGEMENT
Priscella Ironmonger,75475,RESEARCH AND DEVELOPMENT
Marylee Dron,27797,LEGAL
Witty Awcoate,81415,ENGINEERING
Robbie de Copeman,47166,ACCOUNTING
Candida Trevenu,77386,TRAINING
Shepard Abramson,40122,PRODUCT MANAGEMENT
Tatum Vazquez,66934,HUMAN RESOURCES
Sandi Powlett,57074,PRODUCT MANAGEMENT
Shauna Isson,29832,PRODUCT MANAGEMENT
Hally Kivelle,51989,TRAINING
Victor Brettoner,69398,SUPPORT
Timmie Rosetti,46658,ENGINEERING
Angie L'Hommeau,23107,HUMAN RESOURCES
Hazel Emig,81035,PRODUCT MANAGEMENT
Louisa Spire,44857,BUSINESS DEVELOPMENT
Tonie Bernat,86811,PRODUCT MANAGEMENT
Tomasine Galle,86150,RESEARCH AND DEVELOPMENT
Erinn Belward,28175,BUSINESS DEVELOPMENT
Tani Peer,56708,LEGAL
Sheppard Pettwood,21921,HUMAN RESOURCES
Madel Yersin,50399,LEGAL
Blaire Jeaycock,51771,HUMAN RESOURCES
Lionello Bartkowiak,41339,ENGINEERING
Dixie Northern,67624,LEGAL
Dunc Briscow,37855,BUSINESS DEVELOPMENT
Sapphire Gherarducci,48913,RESEARCH AND DEVELOPMENT
Harrie Balderstone,57283,RESEARCH AND DEVELOPMENT
Natalee Plumtree,87375,ACCOUNTING
Berget Scrivens,25611,MARKETING
Benita Tumasian,57619,PRODUCT MANAGEMENT
Addy Antonchik,84835,ENGINEERING
Rawley Heigl,34792,HUMAN RESOURCES
Gal Latchford,73039,LEGAL
Marietta Dranfield,45332,BUSINESS DEVELOPMENT
Ardene Chiene,33602,ENGINEERING
Madelle Pennyman,87458,RESEARCH AND DEVELOPMENT
Ashli Meeking,86517,PRODUCT MANAGEMENT
Grant Gylle,37586,ENGINEERING
Urbano Curnick,68220,BUSINESS DEVELOPMENT
Toiboid Ciani,43845,MARKETING
Gale Waslin,66014,LEGAL
Tracee Shurmer,76904,SUPPORT
Sibylle Shinn,44382,PRODUCT MANAGEMENT
Berkie Cursons,20321,SALES
Eolanda Samwyse,73695,SERVICES
Leo Ogborne,54831,LEGAL
Jehu Goodbar,86464,BUSINESS DEVELOPMENT
Philippa Andrusov,79611,ENGINEERING
Base Francesconi,28532,BUSINESS DEVELOPMENT
Heda Percy,88699,ENGINEERING
Chelsie Syddall,81976,SUPPORT
Reider Garling,81339,SERVICES
Leanna Laxtonne,71571,SALES
Winifield Fewless,71782,SUPPORT
Delia McClinton,35041,SUPPORT
Gypsy McEneny,58596,ACCOUNTING
Merry Baxendale,57398,ACCOUNTING
Elsinore Josland,50546,PRODUCT MANAGEMENT
Marcelle Upward,43308,HUMAN RESOURCES
Tabbatha Evered,34810,ENGINEERING
Law Wrightam,85886,PRODUCT MANAGEMENT
Evyn Paolini,50134,ENGINEERING
Oneida Plewes,74354,RESEARCH AND DEVELOPMENT
Robinet Daye,67632,PRODUCT MANAGEMENT
Derril Ingliss,66867,RESEARCH AND DEVELOPMENT
Honoria Galler,25670,PRODUCT MANAGEMENT
Dedie Wadeson,32003,SUPPORT
Codi Philippou,72477,LEGAL
Dorolice Loren,82862,BUSINESS DEVELOPMENT
Dolores Duell,59078,RESEARCH AND DEVELOPMENT
Essy Calvard,46205,ENGINEERING
Celka Gronou,38168,HUMAN RESOURCES
Stearn Hegley,80554,PRODUCT MANAGEMENT
Nita Merfin,30022,ENGINEERING
Seward Llop,89960,PRODUCT MANAGEMENT
Gene Appleford,35435,PRODUCT MANAGEMENT
Ogdon Haldon,32241,PRODUCT MANAGEMENT
Patience Gelling,39118,LEGAL
Constantine Reily,68241,TRAINING
Gabe Jodrellec,47884,RESEARCH AND DEVELOPMENT
Babbette Boulton,43477,TRAINING
Brandais Siggery,63573,RESEARCH AND DEVELOPMENT
Sunny Coultish,79097,SALES
Kirby Dumphy,26673,PRODUCT MANAGEMENT
Amabelle Danilyuk,51160,MARKETING
Reagan Sneyd,27402,LEGAL
Lily Smitherham,66179,BUSINESS DEVELOPMENT
Jeremias Kollas,36555,HUMAN RESOURCES
Nonah Clarabut,51833,ACCOUNTING
Anders Blore,87857,SERVICES
Fredericka Cragoe,21513,ENGINEERING
Tabby Farans,64620,RESEARCH AND DEVELOPMENT
Darrick Spark,50870,HUMAN RESOURCES
Morgana McColley,65934,ACCOUNTING
Bell Timoney,63212,MARKETING
Dory Rops,71788,HUMAN RESOURCES
Haven Hadland,42884,RESEARCH AND DEVELOPMENT
Farrand Knock,27522,SUPPORT
Renado Bulcock,36454,SUPPORT
Otha Bolver,53830,PRODUCT MANAGEMENT
Cammy Heigold,29372,RESEARCH AND DEVELOPMENT
Jemmie Roskams,28421,PRODUCT MANAGEMENT
Lucius Cawthorn,70203,HUMAN RESOURCES
Bili Brockie,59779,SALES
Agustin Conti,23726,PRODUCT MANAGEMENT
Gayle Vettore,36971,LEGAL
Lauree Kubis,86624,HUMAN RESOURCES
Burr Harome,33986,ENGINEERING
Sharron Minchell,63437,PRODUCT MANAGEMENT
Maritsa Deavall,64841,HUMAN RESOURCES
Wynnie Fransseni,86528,PRODUCT MANAGEMENT
Claudetta Dionis,34642,ENGINEERING
Florrie Tink,33770,TRAINING
Adan Purchon,72182,ACCOUNTING
Marie-ann Bouzek,57738,ACCOUNTING
Giraldo Van der Spohr,61426,RESEARCH AND DEVELOPMENT
Marris Walthall,66902,ENGINEERING
Kate Eiler,88790,SUPPORT
Packston Noulton,61036,MARKETING
Earl Le Leu,35752,HUMAN RESOURCES
Shayne Hordle,86714,MARKETING
Mattie Dechelette,56783,SUPPORT
Twyla Philippon,66478,SERVICES
Hercules Whitticks,35775,RESEARCH AND DEVELOPMENT
Brandy Fahrenbach,31033,ENGINEERING
Othelia Leyborne,54496,BUSINESS DEVELOPMENT
Frasquito Hallums,24433,ENGINEERING
Abagail Tincknell,56605,LEGAL
Arte Hebson,71685,HUMAN RESOURCES
Willis Langfitt,40604,PRODUCT MANAGEMENT
Rachele Tenny,88535,TRAINING
Midge Wayon,46010,SUPPORT
Bette-ann Edinboro,62072,ACCOUNTING
Arleen Kaasman,25156,SERVICES
Garv Meharg,37255,HUMAN RESOURCES
Mollie Petrishchev,61171,PRODUCT MANAGEMENT
Robb Feldstern,89867,BUSINESS DEVELOPMENT
Kort Coley,51188,BUSINESS DEVELOPMENT
Edmon Moakler,61592,ENGINEERING
Ewell Condell,50008,SALES
Evelin Haggath,77255,SALES
Patience Clem,61156,SERVICES
Vanny Sly,44527,ACCOUNTING
Amandie Pryke,35842,SUPPORT
Dicky Eldritt,53139,HUMAN RESOURCES
Pooh Darridon,71390,SALES
Catlaina Macknish,40140,SERVICES
Gunar Gillio,82959,LEGAL
Cissiee Lusher,27804,ENGINEERING
Eziechiele McCawley,75390,HUMAN RESOURCES
Cilka Schmidt,77492,SALES
Cross Eastes,21471,ACCOUNTING
Archibald Verlander,82109,ACCOUNTING
Elaine Lyvon,48428,LEGAL
Vinnie Matthai,25707,TRAINING
Matty Chetwind,69815,PRODUCT MANAGEMENT
Jerald Gonin,48012,ENGINEERING
Ellary Pitway,40003,MARKETING
Edvard Dalyell,42623,SALES
Lenore Kohnemann,57261,TRAINING
Gearalt Dodgshun,25580,SUPPORT
Marti Minney,26560,SUPPORT
Jodi Merkel,24488,ACCOUNTING
Krystalle Minney,52990,SERVICES
Gabi Abrahart,85963,ACCOUNTING
Brooks Helgass,32206,HUMAN RESOURCES
Rowen Raithmill,49226,HUMAN RESOURCES
Giacomo Ballantyne,33360,SUPPORT
Menard Poleye,70723,LEGAL
Monty Langhor,67888,ACCOUNTING
Winonah Cruse,67601,ENGINEERING
Bernie Pridie,57290,SALES
Mahmoud Huxstep,78352,TRAINING
Berti MacGraith,71832,MARKETING
Ransell Stormouth,77831,PRODUCT MANAGEMENT
Olag Ashard,80834,TRAINING
Othelia Salliss,23043,RESEARCH AND DEVELOPMENT
Lezley Zanutti,36938,SALES
Samson Yeld,66484,RESEARCH AND DEVELOPMENT
Auberon Margery,78179,BUSINESS DEVELOPMENT
Klaus Bramwich,89117,MARKETING
Denys Ratnage,83377,BUSINESS DEVELOPMENT
Remy Bebis,21899,LEGAL
Antoni Mauvin,70362,SUPPORT
Kennett Camps,83925,BUSINESS DEVELOPMENT
Darrell Devo,78726,BUSINESS DEVELOPMENT
Angie Blight,67163,SUPPORT
Gradeigh Meeke,64202,SERVICES
Corny Danbi,53491,PRODUCT MANAGEMENT
Martelle Hairesnape,75550,MARKETING
Jean Igounet,67991,ACCOUNTING
Rhody Bubeer,59664,SALES
Alvie Poston,30187,LEGAL
Matt Tante,85867,ENGINEERING
Ashlie Tuxell,87553,BUSINESS DEVELOPMENT
Aloise Childes,25446,SERVICES
Dalt Codd,64669,SALES
Miriam Smullin,78113,LEGAL
Zena Dobbings,72792,SALES
Stuart Bonnier,45701,PRODUCT MANAGEMENT
Melisa Bosse,24638,MARKETING
Ibby Follin,67798,HUMAN RESOURCES
Emogene Antonin,87640,SUPPORT
Mata Breckin,44606,TRAINING
Garrott Huxster,79470,TRAINING
Sherie Dyer,53407,SERVICES
Herculie Fardell,25712,ENGINEERING
Flemming Ozelton,43800,HUMAN RESOURCES
Cass Bartaloni,23918,RESEARCH AND DEVELOPMENT
Rora Hirsch,86392,LEGAL
Mathe Ainley,80229,ENGINEERING
Frieda Hof,69314,SUPPORT
Aldous Morgue,37243,ACCOUNTING
Trueman Johnsson,51763,ENGINEERING
Robbin Fitzsimon,87546,SUPPORT
Gertrud Pakes,60606,BUSINESS DEVELOPMENT
Alvan Budding,79461,MARKETING
Reinaldo Dunsmore,20619,HUMAN RESOURCES
Marjie Barson,44295,TRAINING
Tillie Delacourt,53510,BUSINESS DEVELOPMENT
Kendrick Laverick,60275,HUMAN RESOURCES
Moira Orae,87860,ACCOUNTING
Francoise Garahan,25991,TRAINING
Pierce Durant,77034,LEGAL
Claribel Echalier,84788,MARKETING
Jamil Crosse,42078,RESEARCH AND DEVELOPMENT
Pavlov Giles,42831,LEGAL
Pamelina Shoorbrooke,49858,TRAINING
Haleigh Dimelow,59956,HUMAN RESOURCES
Shanna Corsan,22771,SALES
Hercule Bendig,31626,SERVICES
Tracie Meedendorpe,80073,SUPPORT
Marketa De Banke,88701,BUSINESS DEVELOPMENT
Liuka Grishankov,52827,SALES
Noelani O' Loughran,27938,RESEARCH AND DEVELOPMENT
Lucius Dickman,74161,TRAINING
Gayle Fildes,60482,ACCOUNTING
Raye Mariault,55463,LEGAL
Teodorico Hunnywell,38279,MARKETING
Mateo Boyne,63789,RESEARCH AND DEVELOPMENT
Loella Gisborne,35323,SUPPORT
Burt Verick,37160,MARKETING
Daile Cushworth,74959,BUSINESS DEVELOPMENT
Derick Boliver,79189,PRODUCT MANAGEMENT
Jolynn Gristhwaite,77366,SERVICES
Cleve Bratch,54865,TRAINING
Harriette Beningfield,77930,SUPPORT
Christin Matlock,54652,PRODUCT MANAGEMENT
Rorke Quirk,20472,RESEARCH AND DEVELOPMENT
Roxana Eley,27836,RESEARCH AND DEVELOPMENT
Fabe Von Salzberg,50363,SERVICES
Christabella Quinnelly,69850,BUSINESS DEVELOPMENT
Fairfax Carillo,68733,LEGAL
Willamina Bottom,55975,PRODUCT MANAGEMENT
Doloritas Binestead,55076,SALES
Vinni Adamini,32455,ACCOUNTING
Marcella Blencowe,85343,SALES
Constantine Gradly,29444,SALES
Ernst Hofler,59362,SALES
Ewell Losselyong,21922,ACCOUNTING
Neel Lehrer,46220,LEGAL
Astrix Pearsall,47898,MARKETING
Peterus Woolstenholmes,79956,HUMAN RESOURCES
Happy Clift,77999,MARKETING
Phelia Giles,75114,SERVICES
Worth Goch,26143,LEGAL
Miran Byre,64323,RESEARCH AND DEVELOPMENT
Zane Gaudon,42019,BUSINESS DEVELOPMENT
Andriana Chamney,55006,SUPPORT
Etan Verey,72820,ACCOUNTING
Bentlee Korous,49002,SUPPORT
Jaymie Thowes,23860,HUMAN RESOURCES
Fitz Clearley,22822,ACCOUNTING
Grady Dorant,21365,PRODUCT MANAGEMENT
Angel Britto,68321,ACCOUNTING
Beverlie Ragles,40852,TRAINING
Jacinta Carrabott,36465,LEGAL
Geri Beedham,65017,TRAINING
Dina Grangier,20204,PRODUCT MANAGEMENT
Isabeau Cambden,24801,PRODUCT MANAGEMENT
Loydie Arnoud,48293,LEGAL
Kennith Hawtin,36865,RESEARCH AND DEVELOPMENT
Norby Lough,75423,MARKETING
Joelly Woodroof,35365,ACCOUNTING
Bert Brinkler,29470,BUSINESS DEVELOPMENT
Ollie Duckit,55685,ENGINEERING
Dale Simeone,54178,ACCOUNTING
Bert Ferrini,20086,PRODUCT MANAGEMENT
Holly Dinneen,67672,TRAINING
Oralia Shyre,39384,TRAINING
Randall Pember,23883,SALES
Theodosia Du Fray,57637,ENGINEERING
Mariette Gillott,40149,SALES
Michail Sever,72665,TRAINING
Langston McRonald,82377,TRAINING
Melvyn Yetman,35264,TRAINING
Addy Suett,72285,PRODUCT MANAGEMENT
Charisse Crolla,34041,MARKETING
Kelwin Billyeald,31238,SERVICES
Lisabeth Stickler,57792,ENGINEERING
Giorgia Guthrum,60022,BUSINESS DEVELOPMENT
Harley Allport,82719,SALES
Nikolaos Yarn,80560,HUMAN RESOURCES
Michal Antill,41997,LEGAL
Kylynn Martinho,67357,MARKETING
Rance Philo,31288,HUMAN RESOURCES
Antons Summerscales,37070,SUPPORT
Will Selvey,47751,MARKETING
Abram Jerrome,67596,SALES
Mehetabel Brockhouse,58601,SALES
Constanta Trustie,31539,LEGAL
Kerrin Huddle,87853,MARKETING
Griselda Klosa,58932,ACCOUNTING
Shayne Farmloe,31586,SUPPORT
Gabie Odlin,20964,LEGAL
Pattin Scrigmour,62142,SERVICES
Willie Trussell,76403,TRAINING
Avrom Goodread,51092,ENGINEERING
Briney Toy,70946,PRODUCT MANAGEMENT
Aguistin Yexley,55438,TRAINING
Evvie Eagling,66785,SALES
Lelia Govern,39767,HUMAN RESOURCES
Ikey Christophle,70053,SALES
Herminia Duker,86791,SUPPORT
Rhys Ruckert,77574,SALES
Osborn Bruckental,23187,TRAINING
Winona Donnan,37412,SERVICES
Dorotea Keig,79828,LEGAL
Crichton Dobbyn,43467,SERVICES
Betsey Toomer,43402,RESEARCH AND DEVELOPMENT
Ange Sanpher,65693,TRAINING
Robinette Cail,88601,ENGINEERING
Grover Stoakes,82649,SERVICES
Berrie Samper,76936,BUSINESS DEVELOPMENT
Darcee Cicculini,88079,LEGAL
Clerissa O'Grady,76967,RESEARCH AND DEVELOPMENT
Julianna Ivy,43789,TRAINING
Ulysses Enos,63173,ENGINEERING
Abner Griffiths,72537,LEGAL
Rebecca Quantick,82193,MARKETING
Caron Gard,34755,RESEARCH AND DEVELOPMENT
Astra Restall,39269,BUSINESS DEVELOPMENT
Angele Cobello,76990,SALES
Delores Delepine,52254,PRODUCT MANAGEMENT
Andriana Crosse,69307,SALES
Ollie Lackney,68657,TRAINING
Cloris Longstreet,37661,PRODUCT MANAGEMENT
Kriste MacNalley,51524,HUMAN RESOURCES
Sam Jovicevic,86541,SUPPORT
Seka Pechacek,73203,SERVICES
Ferris Castree,61659,SERVICES
Nate Beverley,37856,SALES
Raine Keigher,86868,SERVICES
Alyssa Marfe,80758,HUMAN RESOURCES
Regen Weal,60168,ACCOUNTING
Janella Pinsent,44811,HUMAN RESOURCES
Josepha Tanguy,29134,LEGAL
Gaelan Strippel,44176,SUPPORT
Flory Ackred,28786,RESEARCH AND DEVELOPMENT
Marcello Basilone,81977,SALES
Kimberley Goudman,43025,SUPPORT
Burgess Jarred,45792,SUPPORT
Sloane Broader,63901,ACCOUNTING
Grayce Cahillane,68456,LEGAL
Salome Stachini,83990,ENGINEERING
Alisha Sleath,33470,HUMAN RESOURCES
Mic Paullin,64970,MARKETING
Ernestus Urwen,77011,SUPPORT
Maurits Ramiro,37748,RESEARCH AND DEVELOPMENT
Siobhan Howchin,21016,ACCOUNTING
Danell Iwanicki,67689,ACCOUNTING
Maxy Grafton-Herbert,31985,RESEARCH AND DEVELOPMENT
Nikolai Ingraham,41053,ACCOUNTING
Ari Adrain,77606,LEGAL
Westbrooke Ayscough,73580,RESEARCH AND DEVELOPMENT
Nollie Ramalhete,61093,BUSINESS DEVELOPMENT
Neron Westrip,78877,RESEARCH AND DEVELOPMENT
Maggy Mattiacci,26488,MARKETING
Fredrika Grigolon,25853,PRODUCT MANAGEMENT
Ginger Gutridge,63399,MARKETING
Coralie Pellitt,67573,ENGINEERING
Ade Sango,56566,BUSINESS DEVELOPMENT
Reta Elcomb,57108,ACCOUNTING
Meggie Pillans,79248,PRODUCT MANAGEMENT
Ynez Janecek,53435,SALES
Kara-lynn Redmile,38969,SALES
Joby Avery,78378,HUMAN RESOURCES
Aleen Taudevin,59087,RESEARCH AND DEVELOPMENT
Land Dickens,64550,ENGINEERING
Oralia Camock,40561,SALES
Jemie Bownd,69263,BUSINESS DEVELOPMENT
Guntar Carroll,24208,MARKETING
Jard Instone,53178,PRODUCT MANAGEMENT
Mike Broadberrie,67858,LEGAL
Umeko Rossbrooke,61277,ACCOUNTING
Tammy Gates,79989,HUMAN RESOURCES
Lonny Do Rosario,69824,LEGAL
Maurice Casini,59753,ENGINEERING
Onfroi Shah,48820,LEGAL
Cristionna Dooher,68548,TRAINING
Aarika Sacaze,72880,TRAINING
Carmela Santos,35458,SALES
Willard Hovee,23724,SERVICES
Onfroi Chidgey,75059,MARKETING
Garv Di Pietro,57006,PRODUCT MANAGEMENT
Emmey MacDaid,26487,SUPPORT
Rourke Tolle,75826,TRAINING
Ailsun Comoletti,64812,SALES
Robby Deards,24951,BUSINESS DEVELOPMENT
Rhea Slad,79664,SUPPORT
Quent Coal,55561,SUPPORT
Hirsch Turneux,86275,ACCOUNTING
Shanda Attreed,30215,SALES
Robinett McNabb,36473,ACCOUNTING
Gray Texton,30426,SUPPORT
Valerie Cockarill,71430,ENGINEERING
Giorgia Sandall,47259,ENGINEERING
Talia Elcy,30794,SALES
Duncan Endle,37742,TRAINING
Gualterio Bertelsen,41315,TRAINING
Editha Benedetti,50046,ACCOUNTING
Tann Wehden,52137,PRODUCT MANAGEMENT
Shirlene Schwanden,64918,SUPPORT
Talya Gonoude,72932,SUPPORT
Trever Boughton,74903,PRODUCT MANAGEMENT
Freddy Bortolotti,81064,HUMAN RESOURCES
Laura Steele,87455,PRODUCT MANAGEMENT
Arda Batter,26513,ACCOUNTING
Chrissie Lovett,82501,HUMAN RESOURCES
Carrol Island,38080,TRAINING
Artie Sorrel,66177,BUSINESS DEVELOPMENT
Ferrel Lowth,41423,MARKETING
Ellery Schneidau,73843,HUMAN RESOURCES
Carmencita Searston,59025,RESEARCH AND DEVELOPMENT
Beck Moylane,36548,MARKETING
Vevay De la Zenne,69609,SUPPORT
Odelle Van Son,70837,SALES
Herbie La Rosa,25585,PRODUCT MANAGEMENT
Silvester Joffe,55817,PRODUCT MANAGEMENT
Marlowe Thrustle,85620,MARKETING
Delly Mapham,22145,SALES
Obidiah Libero,87673,ENGINEERING
Rhetta Stockman,54046,PRODUCT MANAGEMENT
Erin Irving,30748,RESEARCH AND DEVELOPMENT
Dianemarie Peller,40864,TRAINING
Marylin Eastway,36962,SERVICES
Duane Millican,58331,SERVICES
Tulley Mullineux,49716,ENGINEERING
Elihu Darrington,67007,SALES
Cathy Glencorse,64792,ACCOUNTING
Marris Stainsby,67898,ACCOUNTING
Waly Normanville,76294,SERVICES
Ally Kirstein,72361,RESEARCH AND DEVELOPMENT
Howie McQueen,73959,PRODUCT MANAGEMENT
Crista Lyenyng,26954,ENGINEERING
Umeko Crier,67605,SALES
Arabella Tatham,37578,ACCOUNTING
Nola Winwood,74991,RESEARCH AND DEVELOPMENT
Gabey Ellicombe,54450,ENGINEERING
Lexie Minet,31227,SERVICES
Hadria Stigers,81954,RESEARCH AND DEVELOPMENT
Gerrard Wixon,71570,HUMAN RESOURCES
Sabine Losebie,63457,TRAINING
Rheba Aphale,47352,PRODUCT MANAGEMENT
Sheffy Bowstead,69659,MARKETING
Harald Lyle,35541,SALES
Lindsey Milam,52683,SERVICES
Emlen Acreman,46518,RESEARCH AND DEVELOPMENT
Ariela Whitmore,60867,SUPPORT
Claudell Brigman,65634,ENGINEERING
Odelia Debling,63381,RESEARCH AND DEVELOPMENT
Aldo Karolowski,29389,ENGINEERING
Ameline Stopp,79252,MARKETING
Luther Cockran,75716,ENGINEERING
Esme Narramor,58439,PRODUCT MANAGEMENT
Carlyn Dakhno,75430,HUMAN RESOURCES
Astrid Camies,63604,LEGAL
Alexandros Flaonier,32785,SUPPORT
Merry Rockell,27190,SERVICES
Minnie Wortt,45831,RESEARCH AND DEVELOPMENT
Teressa Scantlebury,63245,BUSINESS DEVELOPMENT
Dynah Totman,65603,PRODUCT MANAGEMENT
Dev Lahy,44024,RESEARCH AND DEVELOPMENT
Jewelle Jeske,68589,BUSINESS DEVELOPMENT
Herman Younge,40431,HUMAN RESOURCES
Dukey Wyper,34039,ACCOUNTING
Fairleigh Minichi,81380,SERVICES
Jacquenette Georges,26044,SALES
Casey Pexton,32031,PRODUCT MANAGEMENT
Hastie Aucutt,84341,SUPPORT
Moira Hulls,51113,HUMAN RESOURCES
Janina Vasichev,72872,TRAINING
Lexis Lillicrop,63200,LEGAL
Eamon Corbie,47996,PRODUCT MANAGEMENT
Darice Hradsky,77595,RESEARCH AND DEVELOPMENT
Tatum Ioselevich,60255,ENGINEERING
Alfy Moynihan,34323,MARKETING
Linnie Harnett,62097,LEGAL
Carmel Dafter,28409,SERVICES
Vito Coultard,46685,SUPPORT
Sari Jans,22269,SERVICES
Margaretha Sayward,46927,ENGINEERING
Ulysses Boddy,71439,TRAINING
Danya Gainor,51307,ACCOUNTING
Lazar Sully,52953,SUPPORT
Myranda Borland,79550,TRAINING
Hallie Livings,50055,SUPPORT
Lars Sherwen,75850,MARKETING
Peadar Rubra,86601,PRODUCT MANAGEMENT
Therese Screech,72755,MARKETING
Aurie Collin,82496,PRODUCT MANAGEMENT
Marin Brands,86268,PRODUCT MANAGEMENT
Beryl Dobbins,36756,HUMAN RESOURCES
Sarine Keyden,72934,ENGINEERING
Benedikta Dongate,87937,TRAINING
Ainslee Ghiotto,30836,PRODUCT MANAGEMENT
Carlos Davana,66742,HUMAN RESOURCES
Theodoric Zeplin,59414,PRODUCT MANAGEMENT
Kirsti Broadfoot,25652,RESEARCH AND DEVELOPMENT
Sarge Lemmen,31342,TRAINING
Shelby Overil,72974,MARKETING
Reagan Bardill,24270,SALES
Gina Gamlen,85366,TRAINING
Samantha Moutray Read,34783,BUSINESS DEVELOPMENT
Merralee Gowenlock,28375,HUMAN RESOURCES
Ches Greenroa,68220,HUMAN RESOURCES
Windham Vidloc,48953,HUMAN RESOURCES
Brana Freda,86664,ACCOUNTING
Joela Rizzetti,33375,LEGAL
Brittaney Tortice,40461,BUSINESS DEVELOPMENT
Erek Birkwood,48990,RESEARCH AND DEVELOPMENT
Felic Provest,44858,BUSINESS DEVELOPMENT
Lucilia Toone,58892,SUPPORT
Malachi Fairholme,61794,BUSINESS DEVELOPMENT
Wald Midgely,39562,BUSINESS DEVELOPMENT
Ruthi Presslee,63474,RESEARCH AND DEVELOPMENT
Nahum Scambler,51455,MARKETING
Clementius Geach,24979,LEGAL
Karlee Kidston,38512,HUMAN RESOURCES
Barbara-anne Botterman,35783,ACCOUNTING
Gilberto Waith,34709,SUPPORT
Odo Niland,32712,TRAINING
Thaddeus Loache,79341,SERVICES
Jermaine Leveridge,38575,HUMAN RESOURCES
Tori Sprulls,77105,TRAINING
Ilka Scottesmoor,22289,TRAINING
Adrianna Mesias,39067,SERVICES
Rad Diggar,72044,MARKETING
Gilbert Blessed,87749,LEGAL
Grady Bradtke,85654,RESEARCH AND DEVELOPMENT
Larina Wenman,86665,MARKETING
Genovera Redhead,41814,SERVICES
Pattin Tombleson,80461,TRAINING
Karlyn O'Hengerty,37954,HUMAN RESOURCES
Noak Fensome,33598,BUSINESS DEVELOPMENT
Mendie Wordington,37311,ACCOUNTING
Roxy Lemerle,55279,PRODUCT MANAGEMENT
Lorraine Caird,89318,ACCOUNTING
Angelo Emerson,82265,ENGINEERING
Wilt Sentance,75109,LEGAL
Joscelin Leavens,33270,TRAINING
Osmund Schimon,44173,MARKETING
Alis Hamprecht,49185,RESEARCH AND DEVELOPMENT
Tamqrah Jaouen,61570,RESEARCH AND DEVELOPMENT
Andy Cruse,51756,SUPPORT
Freda McGrory,32013,SERVICES
Troy Daffern,47443,SUPPORT
Fran Cardno,69791,SALES
Ker O'Shavlan,68996,ENGINEERING
Nedi Shand,87932,ACCOUNTING
Eulalie Leaning,30855,BUSINESS DEVELOPMENT
Sidnee Droghan,72170,PRODUCT MANAGEMENT
Pam Grosier,86337,ACCOUNTING
Starr Stailey,84046,SERVICES
Kelsy McCome,42330,TRAINING
Gui Plenty,49459,ENGINEERING
Wiatt Lundy,41464,SUPPORT
Vergil Bredes,63234,BUSINESS DEVELOPMENT
Hurley Theunissen,53881,SERVICES
Jacquette Delepine,31474,BUSINESS DEVELOPMENT
Bess Aymeric,38737,ACCOUNTING
Dorette Bergin,74905,ENGINEERING
Zachariah Revel,75512,ACCOUNTING
Emlynn Brum,27779,ACCOUNTING
Daryl Lineham,58471,PRODUCT MANAGEMENT
Artur Ettery,49124,ENGINEERING
Alissa Scafe,49950,ACCOUNTING
Allyn McCaughran,45255,RESEARCH AND DEVELOPMENT
Ashley Harrow,41325,LEGAL
Randolf Stuck,79200,SERVICES
Reggie Bulleyn,27066,ENGINEERING
John Thying,52653,TRAINING
Danni Casino,89783,PRODUCT MANAGEMENT
Gardie Le Floch,31762,ACCOUNTING
Curry Dryburgh,47848,ACCOUNTING
Mackenzie Carrodus,51306,RESEARCH AND DEVELOPMENT
Reggie Milan,42223,PRODUCT MANAGEMENT
Nelli Dunlap,84117,ENGINEERING
Karlotta Waring,61405,TRAINING
Nina McQuirk,22376,RESEARCH AND DEVELOPMENT
Adriana Langcaster,66323,PRODUCT MANAGEMENT
Hiram Wardley,73705,LEGAL
Clyde Eisak,86671,PRODUCT MANAGEMENT
Augustus Dobble,69967,ENGINEERING
Charlotte Domelow,22941,ENGINEERING
Marlee Whelan,46471,LEGAL
Maxi Kopje,34856,ENGINEERING
Nata Danilchik,54049,MARKETING
Hinda Grishinov,39756,HUMAN RESOURCES
Kerstin Rosingdall,88315,BUSINESS DEVELOPMENT
Donni Rate,39283,ACCOUNTING
Ogden Cicchillo,45279,SALES
Muffin Bootland,22459,RESEARCH AND DEVELOPMENT
Cecily Depka,58545,LEGAL
Ulrike Venditti,25170,SERVICES
Coletta Bowdler,59576,SERVICES
Barnebas Stollman,26466,SERVICES
Trenna Meates,77525,RESEARCH AND DEVELOPMENT
Thia Chrippes,20520,ENGINEERING
Fanchon Dennidge,75997,SUPPORT
Lynna Ralphs,70033,ACCOUNTING
Al Leney,61137,HUMAN RESOURCES
Hadley Mildmott,64532,MARKETING
Nikola Abbay,51650,ENGINEERING
Goldina Sabates,73140,MARKETING
Dolly Woolland,25559,BUSINESS DEVELOPMENT
Marijo Jinkinson,57045,LEGAL
Jessi Goldstraw,42329,SUPPORT
Bettye Goard,53718,ENGINEERING
Issiah Burrus,69549,HUMAN RESOURCES
Ricardo Creenan,54832,PRODUCT MANAGEMENT
Luelle Waltering,87379,SERVICES
Bondon Leppard,45782,SERVICES
Vi Warr,36486,BUSINESS DEVELOPMENT
Serge Shiel,63070,SUPPORT
Mildrid Cutill,87146,TRAINING
Desi Tearle,39124,ACCOUNTING
Billy Rentoll,32053,SERVICES
Georgina Marrow,74186,PRODUCT MANAGEMENT
Johnath Collidge,30307,HUMAN RESOURCES
Risa Thornton-Dewhirst,46228,SALES
Corinna Hachard,21806,MARKETING
Alfred Traylen,43280,PRODUCT MANAGEMENT
Joly Filyushkin,64660,SUPPORT
Hugh Pulford,33947,BUSINESS DEVELOPMENT
Guinna Buttfield,40756,BUSINESS DEVELOPMENT
Cherrita Renoden,68774,TRAINING
Sig Konzelmann,32405,ACCOUNTING
Marthena Skottle,43784,RESEARCH AND DEVELOPMENT
Granthem Eadon,53465,LEGAL
Stoddard Sharvill,72667,RESEARCH AND DEVELOPMENT
Doy Willoughby,87873,TRAINING
Basil Dmych,69852,ACCOUNTING
Laney Fudge,61205,SALES
Terry Ailsbury,33275,PRODUCT MANAGEMENT
Minnnie Garci,89297,SUPPORT
Katee Presnail,66092,ACCOUNTING
Corliss Redfield,56472,PRODUCT MANAGEMENT
Suzie Bumfrey,31505,ACCOUNTING
Charmion Nanninini,35387,MARKETING
Tallulah Colleer,79835,SERVICES
Johanna Maffiotti,26687,LEGAL
Tess Nix,81358,PRODUCT MANAGEMENT
Lesley Mickleburgh,57371,LEGAL
Othelia Ridett,20873,LEGAL
Izzy Sugden,32517,RESEARCH AND DEVELOPMENT
Spenser Gaskill,70897,TRAINING
Corbett Caddy,87838,RESEARCH AND DEVELOPMENT
Stearne Ipgrave,23187,ACCOUNTING
Wainwright Pattesall,47769,PRODUCT MANAGEMENT
Clarke Helis,29820,BUSINESS DEVELOPMENT
Bryce Bartalucci,72361,HUMAN RESOURCES
Robers Winscom,52364,MARKETING
Philbert Hawkslee,40912,BUSINESS DEVELOPMENT
Teddy Tiley,24702,TRAINING
Maighdiln Raoul,57839,BUSINESS DEVELOPMENT
Jade Tomasek,53405,HUMAN RESOURCES
Clerc Nangle,44077,SALES
Karilynn Akaster,85836,TRAINING
Grier Arnaudet,43477,LEGAL
Cathryn Tudball,37286,PRODUCT MANAGEMENT
Sheffield McCurlye,56657,SERVICES
Karoly Edgeley,20390,RESEARCH AND DEVELOPMENT
Courtney Minigo,72805,RESEARCH AND DEVELOPMENT
Ruggiero Minter,47606,ACCOUNTING
Marga Spalding,74563,BUSINESS DEVELOPMENT
Danny Ryal,67185,LEGAL
Essy Shaylor,41077,TRAINING
Gilberto Ounsworth,55639,RESEARCH AND DEVELOPMENT
Alexander Kleine,57382,ACCOUNTING
Linnet Slayton,58112,MARKETING
Magnum Durnian,63766,SUPPORT
Lorine Lohden,36128,MARKETING
Xylina Foxon,89383,RESEARCH AND DEVELOPMENT
Christalle Buglass,30196,SERVICES
Chauncey Wallage,85828,SUPPORT
Morrie Stowe,21080,HUMAN RESOURCES
Trixi Caherny,50136,MARKETING
Tracee Boardman,46554,SALES
Tymon McUre,87647,SALES
Yuri De la Yglesias,72803,ENGINEERING
Lauretta Camlin,20542,TRAINING
Colman McNeillie,70209,TRAINING
Aleen Cornils,88682,ACCOUNTING
Clotilda Infantino,20084,MARKETING
Rheta Clinton,70870,BUSINESS DEVELOPMENT
Sybilla Lakenden,51654,LEGAL
Alexei Sowman,46525,PRODUCT MANAGEMENT
Justin Christoffersen,81204,ACCOUNTING
Janis Kernan,61258,LEGAL
Rickard Oakenfull,60037,RESEARCH AND DEVELOPMENT
Demeter McGinnell,70089,HUMAN RESOURCES
Ginevra Patridge,60997,SUPPORT
